İL,DEPO
ADANA,İSTANBUL
ADIYAMAN,BİTLİS
AFYONKARAHİSAR,GAZİANTEP
AĞRI,BİTLİS
AMASYA,KAYSERİ
ANKARA,KOCAELİ (İZMİT)
ANTALYA,MERSİN
ARTVİN,BİTLİS
AYDIN,MERSİN
BALIKESİR,ÇANAKKALE
BİLECİK,GAZİANTEP
BİNGÖL,ERZURUM
BİTLİS,BİTLİS
BOLU,SAMSUN
BURDUR,MERSİN
BURSA,GAZİANTEP
ÇANAKKALE,ÇANAKKALE
ÇANKIRI,KAYSERİ
ÇORUM,KAYSERİ
DENİZLİ,MERSİN
DİYARBAKIR,BİTLİS
EDİRNE,SAMSUN
ELAZIĞ,BİTLİS
ERZİNCAN,BİTLİS
ERZURUM,BİTLİS
ESKİŞEHİR,ÇANAKKALE
GAZİANTEP,İSTANBUL
GİRESUN,ERZURUM
GÜMÜŞHANE,ERZURUM
HAKKARİ,BİTLİS
HATAY,İSTANBUL
ISPARTA,GAZİANTEP
MERSİN,KOCAELİ (İZMİT)
İSTANBUL,SAMSUN
İZMİR,ÇANAKKALE
KARS,BİTLİS
KASTAMONU,ANTALYA
KAYSERİ,KOCAELİ (İZMİT)
KIRKLARELİ,SAMSUN
KIRŞEHİR,ANTALYA
KOCAELİ (İZMİT),SAMSUN
KONYA,KOCAELİ (İZMİT)
KÜTAHYA,GAZİANTEP
MALATYA,BİTLİS
MANİSA,ÇANAKKALE
KAHRAMANMARAŞ,İSTANBUL
MARDİN,BİTLİS
MUĞLA,MERSİN
MUŞ,BİTLİS
NEVŞEHİR,KOCAELİ (İZMİT)
NİĞDE,KOCAELİ (İZMİT)
ORDU,ERZURUM
RİZE,ERZURUM
SAKARYA (ADAPAZARI),ÇANAKKALE
SAMSUN,KAYSERİ
SİİRT,BİTLİS
SİNOP,KAYSERİ
SİVAS,ERZURUM
TEKİRDAĞ,SAMSUN
TOKAT,ERZURUM
TRABZON,ERZURUM
TUNCELİ,ERZURUM
ŞANLIURFA,BİTLİS
UŞAK,MERSİN
VAN,BİTLİS
YOZGAT,KOCAELİ (İZMİT)
ZONGULDAK,SAMSUN
AKSARAY,KOCAELİ (İZMİT)
BAYBURT,ERZURUM
KARAMAN,İSTANBUL
KIRIKKALE,ANTALYA
BATMAN,BİTLİS
ŞIRNAK,BİTLİS
BARTIN,KAYSERİ
ARDAHAN,BİTLİS
IĞDIR,BİTLİS
YALOVA,ÇANAKKALE
KARABÜK,KAYSERİ
KİLİS,İSTANBUL
OSMANİYE,İSTANBUL
DÜZCE,SAMSUN
